word,is_neologism,short_definition,long_definition,origin,usage
brain rot,Y,Mindless digital content; the fixation on it and harmful mental effects of it,"Brain rot refers to material of low or addictive quality, typically in online media, that preoccupies someone to the point it is said to affect mental functioning. Both the state of preoccupation and resulting mental degradation are known as brain rot.","Brain rot combines brain (in the sense of “mind, intellect, critical faculties”) and rot (meaning “a state of disease or decay,” as in food or wood).

The term gained mainstream attention in 2023 and 2024 in connection to several trends involving repetitive, nonsensical use of content about such Internet slang terms as Fanum tax, gyatt, sigma, skibidi, and rizz. Around this time, brain rot became the popular name for this content—often absurdist, ironic, and intentionally poor in quality—as well as for an unhealthy state of being addicted to and addled by it.

While newly prominent, the term it is not itself new, and can be found in several independent cases since at least the mid-1800s. The earliest known example comes, notably, from Henry David Thoreau in his 1854 book Walden: “While England endeavors to cure the potato-rot, will not any endeavor to cure the brain-rot, which prevails so much more widely and fatally?” As a term in specific reference to digital media production and consumption, brain rot has been in use since the early 2000s.","Brain rot can be used as a noun itself (‘Stop looking at that brain rot’) as well as attributively, to modify another noun (‘My brother wouldn’t stop using all this brain rot YouTube lingo at the dinner table’). Depending on speaker and context, its tone can range from dismissively pejorative (‘worthless brain rot’) to ironically playful (‘just published some new brain rot for my fans’).

Brain rot is not itself an official medical condition. However, some healthcare practitioners or related experts may use the term colloquially in association with a phenomenon known as Problematic Interactive Media Use, involving symptoms of cognitive impairment resulting from overconsumption of digital media."
canon event,Y,A formative life experience; a relatable episode of good fortune or hardship,"A canon event is an experience in a person’s life that comes to shape or define who they are. On social media, it is commonly used to refer to relatable, often embarrassing, incidents that happen to people in the course of everyday life as a playful comment on personal growth.","Canon event was popularized by Spider-Man: Across the Spider-Verse, a 2023 animated film featuring different versions of the superhero Spider-Man, set in a fictional multiverse. In one scene, a Spider-Man explains to another that, despite their differences, every Spider-Man undergoes similar painful experiences in their lives—which the film calls canon events—that form their shared, distinct identity as Spider-Man characters, and that attempts to interfere with these events have disastrous consequences. The death of Spider-Man’s uncle, for example, is one such canon event. This scene of the film sparked a social media trend immediately after its release in June 2023. The trend, which went viral on TikTok, featured people making humorous exaggerations of minor embarrassing episodes or awkward phases, and describing them as canon events pivotal to their growth and development. Many videos of the trend used music from the specific scene in the Spider-Man film, captioning the observation they are sharing with “I can’t interfere, it’s a canon event.”

The canon in canon event refers to sanctioned or accepted plot points, characters, and other aspects of storylines that govern fictional worlds, especially in multimedia franchises adapted from comic books, science fiction, or fantasy. Canon, originally meaning “a rule or law, especially decreed by a church,” evolved as a term for other officially recognized books or other creative works. While similar uses of the specific phrase canon event do predate (and likely influenced its use in) Spider-Man: Across the Spider-Verse, the film and subsequent Internet trend spread general use of the term and cemented its meaning in reference to specific events in fictional media.
","Canon event is primarily used on social media to refer to incidents that have happened to a person. It might refer to a commonplace setback, such as getting a cold, or a more intense trial, such as experiencing a breakup. The term can also be used in describing a positive development in one’s life, such as earning a promotion at work. The term has evolved from its original use, and now informally (and often playfully) captures various highs and lows that a person experiences, and which provide a universal observation on a common human experience."
cheugy,Y,Makes fun of being uncool,"Cheugy is a slang way of calling someone or something uncool or unfashionable, especially when seen as slightly cringeworthy or trying too hard. It’s mainly used as a jokey put-down of trends stereotypically associated with millennials.","Cheugy was first used by a group of young women in the 2010s. They used the word to poke fun at other young women whose taste, fashion, and self-presentation they found to be outmoded and overearnest enough to be considered uncool, basic, or cringy.

In March 2021, a young woman named Hallie Cain posted on TikTok about her and her friends using the word. That post went viral. Covering the story for the New York Times in April, journalist Taylor Lorenz traced cheugy back to Gaby Rasson, a twentysomething woman from Los Angeles who said she coined the term and used it with her friends in high school in 2013. Why cheugy? It’s a nonsense formation, but Rasson has said it simply sounded right.","Taylor Lorenz’s story itself went viral in its own way, resulting in widespread media coverage of the term cheugy. The sudden popularity gave the slang word mainstream attention, but use of the term became widely self-referential—that is, about how cheugy is itself a word and trend or having fun calling different things cheugy on social media. By summer 2021, a common joke was that the word cheugy was cheugy.

Examples and use of cheugy tend to center on the lifestyle associated with millennials, particularly women and what clothing they wear, what things they buy, and how they act and present their lives online. Use of the word remains both self-aware and self-deprecating, with cheugy not being a wholly bad quality and one that people like to claim for themselves. Someone thought of as cheugy is humorously called a cheug. The connotation is a little judgy but ultimately joky. As trends shift, what’s considered cheugy shifts—including the word itself, which has seen some playful but slightly more genuine uptake since its 2021 peak, especially in women’s lifestyle and fashion media."
copium,Y,An Internet taunt for a delusional loser,Copium is a slang term for denial or rationalization in the face of defeat or failure. It is presented as a metaphorical drug people take when dealing with losing a game or otherwise being disappointed.,"Copium is a blend of the verb cope, as in dealing with adversity, and opium, the highly addictive narcotic drug. The implication of copium is that, rather than honestly accept defeat, someone deals (copes) with it by numbing their pain through denial or the like (as if taking opium).

Various people probably coined copium independently in the 2000s. In July 2019, the word specifically appeared in a meme posted on a 4chan forum featuring an image depicting the Internet character Pepe the Frog breathing with a mask and tube from a tank labeled 'copium,' as if inhaling oxygen or anesthesia. While early instances of copium memes were used in political contexts, the term spread online especially in gaming communities.","Sometimes, copium is issued as a single-word response in chats or forums to tease or troll someone perceived to be making excuses for losing ('I can't believe we lost!' ""Copium') Other times, the word is used in figures of speech that riff on the term as a fictional narcotic ('keep huffing copium' or 'you're taking a massive dose of copium'). As it became more widespread on social media and streaming platforms in the early 2020s, many people started using the word ironically to make fun of themselves. Increasingly, copium is being used more generally as a term for the state of denial or self-justification.

While copium still frequently occurs in gaming, it is also commonly found in discussions of sports and politics and in fandoms, such as for anime. A similar term is hopium, which refers to perceived states of false hope."
cottagecore,Y,"Quaint, cozy, and modest fashion and style drawn from bucolic inspirations","Cottagecore is an aesthetic trend, especially among women, marked by clothing, decor, and activities associated with traditional pastoral lifestyles. It is particularly inspired by nostalgic, romanticized conceptions of the English countryside or American homesteading. Some hallmarks of cottagecore include floral prints, flowing dresses, rustic interior design, homey atmosphere, and an interest in gardening, baking, and handicrafts.","Cottagecore combines cottage and -core. Cottage alludes to picturesque English country cottages that the aesthetic evokes. The combining form -core originally came from hardcore (when used for a raucous type of punk rock music), but now can refer to fashion and design trends characterized by a distinctive aesthetic. Other examples include Barbiecore, cluttercore, goblincore, grandmacore, normcore, and tenniscore, as well as countrycore and farmcore (both of which are similar to cottagecore).

The word has been in use online since the late 2010s, and spread in popularity in 2020, driven by people’s experience of lockdown during the COVID-19 pandemic and the stress associated with contemporary life and technology. Taylor Swift, who had a hit album, Folklore, in the summer of 2020, is widely viewed both as embodying cottagecore and helping fuel its rise in popularity.","Cottagecore is primarily used in reference to women’s fashion and home decor, especially on social media, including as a hashtag. It is often used to modify another noun (a noun that modifies another noun is called attributive), as in a “cottagecore wedding dress” or “cottagecore kitchen renovation.” The word and style remains associated with activities like gardening, baking, sewing, and foraging (although less so than during its popularity in 2020), as well as valuing a simpler and more natural (albeit idealized) way of living."
crash out,Y,"to become suddenly, uncontrollably angry or distressed","To crash out is to become suddenly, uncontrollably angry or distressed.","Though earlier evidence of this usage exists, several online sources credit a 2017 song by Baton Rouge rapper NBA YoungBoy featuring the lyric “crash out if I’m nervous” with popularizing it.","Somewhat synonymously with snap (“to give way suddenly under emotional stress or strain”) and freak out (“to react with extreme or irrational distress or discomposure”). Crash out can also be used as a noun to refer to a specific instance of crashing out.

Crash out has other, previously established meanings as well (related to vehicular accidents and sleeping, to name two examples), which can sometimes cause confusion."
delulu,Y,Delusional; audaciously self-confident,"Delulu is an Internet slang term for “delusional.” In some contexts, it refers to an unapologetic, bold, and often joyously self-confident belief in the likelihood of realizing one’s ambitions.","Delulu is shortened from delusional. To get technical, it features a reduplicated -lu- for expressive effect. The word emerged in the early 2010s among K-pop fandom online (although it may have been coined elsewhere and earlier), where it was especially used as a mild rebuke of opinions about celebrity “stanning” (being an obsessive fan) and “shipping” (hoping for romantic relationships between famous people) seen as irrational, obsessive, or otherwise ridiculous. It spread outside K-pop as a more general term for “delusional” across social media in the early 2020s.

Especially among young women on TikTok starting in 2023, delulu shifted to characterize confidence in achieving one’s aspirations in life—no matter how delusional it may be to think so. This sentiment was playfully captured in the phrases delulu is the solulu (“delusion is the solution”) and may all your delulu come trululu (“may all your delusions come true”), with solulu and trululu modeled on delulu. In this context, it is associated with popular practices such as manifestation and positive psychology.","Delulu is commonly used as an adjective much in the manner of calling someone or something “crazy,” as in “My boyfriend is delulu to think he can get away with that behavior,” “I’m so delulu about that actor and her new movie,” or “It’s delulu, but I’m going to apply for that dream job anyways.” Sometimes it can function as a noun, especially in its expanded, positive “self-confident” sense. The word still has currency in the context of fandoms, including K-pop, especially for expressing intense affection towards stars or fictional relationships. It also often appears in the phrase delulu land, akin to la-la land."
enshittification,Y,"When a digital platform is made worse for users, in order to increase profits","Enshittification is an informal word used to criticize the degradation in the quality and experience of online platforms over time, due to an increase in advertisements, costs, or features. It can also refer more generally to any state of deterioration, especially in politics or society. Similar forms include enshittify and enshittified.","Enshittification is an archly elaborate formation for “having been made shittier,” or “worsened.” It combines the vulgarism shit, the prefix en- (“cause to be”), and -ification (a noun combining form meaning “making” or “producing”). Several independent coinages of enshittification are found online in the 2010s, with evidence for the similar shittification seen even earlier.

The term was popularized by the Canadian writer Cory Doctorow starting in 2022, when he suggested a patterned decline in the quality of online platforms resulted from capitalistic incentives. Doctorow explained the decline as a process in which a platform first offers value to users, then to other businesses, then back to themselves and shareholders after it dominates the market. He notably applied the word enshittification in critiques of Big Tech companies and social media sites.

Enshittification received considerable attention in 2023, after the American Dialect Society chose it as its Word of the Year (followed by Australia’s Macquarie Dictionary doing so in 2024).","Enshittification is most commonly used to call out degraded user experiences of tech platforms, especially social media, streaming sites, and on-demand services. The word is also used to voice concerns about the erosion of social conditions, especially when thought to be worsened by capitalism or conservatism.

Its similar form, enshittify, is widely used as a transitive verb for the action of enshittification (“The new CEO enshittified the site with distracting AI tools”), as well as an intransitive one for this process (“The service kept enshittifying so I stopped using it.”) Something that has undergone enshittification is described as enshittified. Enshittification is subject to other playful formations, too, such as enshittificatory (“causing or serving to enshittify”)."
Fanum tax,Y,Taking someone else’s food; an Internet gibberish term,Fanum tax is a humorous Internet slang term for stealing someone’s food (or other item) or being entitled to some of it. It is widely used as a nonsensical expression and meme online.,"Fanum tax began in 2022 as a comedic bit performed by popular Internet gaming streamer Roberto Escanio, who goes by the name Fanum online. During videos, Fanum would charge friends who were eating a joke “tax” in the form of a bite or portion of the food they were otherwise enjoying for themselves. They called this behavior the Fanum tax. The phrase and gag spread massively in 2023 on gaming platforms and social media, especially after Fanum “taxed” friends who were also popular streamers, including Kai Cenat, known for popularizing the slang term rizz, meaning “charm, attractiveness.”

In October 2023, Fanum tax went viral—and into mainstream attention—after TikToker @ovp.9 featured the phrase in the lyrics of a song and video, called Sticking Out Your Gyatt for the Rizzler (Fanum Tax): “Sticking out your gyatt for the Rizzler / You're so Skibidi, you're so Fanum Tax / I just want to be your Sigma.” The lyrics are intentionally unintelligible, meant to parody memetic Internet slang terms, like gyatt and skibidi, seen as overused by young people to the point of meaninglessness.","Fanum tax is still used in its original sense of stealing a portion of someone’s food, although this usage remains closely associated with the content and personality of the streamer Fanum. This usage is also subject to puns and other wordplay, such as Fanum tax evasion or a 10% Fanum tax. It is sometimes extended metaphorically to refer to anything felt to be taken unfairly or aggressively diminished in some way. In these senses, the phrase is often used as a verb, as in “My wife’s french fries looked so good that I just I had to Fantum tax her” or “The quarterback totally got Fantum taxed when the wide receiver batted down his pass.” Occasionally, drawing from its use in the lyric “you’re so Fanum tax,” the term can mean “attractive” or “excellent.”

More commonly, due to its sudden and extensive popularity online in 2023, Fanum tax is used ironically—and with a kind of performative randomness, absurdity, and impulsivity—as a complete nonsense expression. The intent of this use is varied: it can signal in-group identity, mock Internet culture, or sometimes be a way to joke around and baffle people not in the know. In this way, the term frequently appears with other Internet slang terms, again such as gyatt and skibidi as well as rizz and Ohio, that have evolved into a form of gibberish sometimes referred to as “brain rot” and stereotyped as part of Generation Alpha’s unhealthy digital lifestyles. That’s so skibidi fanum tax sigma of those Ohio rizzlers!"
grindset,Y,Unrelenting self-dedication,"Grindset is a mindset fanatical about grinding, or extreme striving towards one’s goals. The term frequently appears in the phrase on the grindset, “working assiduously,” and sigma (male) grindset, a meme satirizing hypermasculine striving for wealth and status.","Grindset is a punning blend of grind and mindset, and started being used in the late 2010s. This sense of grind (slang for applying oneself relentlessly towards success), which may have been popularized by video game slang earlier in the 2010s, is ultimately rooted in much older senses of the word concerning drudgery and monotonous work. This grind is also closely associated with what is often called hustle culture, criticized as glamorizing overwork.

In the early 2020s, grindset was featured in memes about the sigma male grindset or simply sigma grindset, mocking the relentless pursuit of money, power, fitness, and women among so-called the sigma (male)—a man whose self-assured, dogged individualism is considered a model of status, success, and attractiveness.","Use of grindset varies by speaker and context. It is often used positively to refer to hard work and associated with a variety of admirable qualities, including perseverance and resilience. Here, the term commonly appears in the phrase on the grindset. It is also often used negatively, referring more generally to the glorification of overwork and self-improvement—and, more specifically, the idolization of avarice and hypermasculinity. For the latter use, it often appears in the expression sigma (male) grindset.

As with many terms popular online, playful and ironic uses of grindset are common as well, and it is found used in wordplay, such as rise-and-grindset, a pun on the expression rise and shine. Grindset is also often used alongside locked in, an informal expression for being extremely focused, as in 'I locked into my grindset and finished two major projects today.'"
looksmaxxing,Y,"Efforts, sometimes extreme, young men take to look more attractive","Looksmaxxing refers to practices, especially among young men online, to enhance their physical appearance. These practices range in intensity, from everyday skincare to cosmetic surgery.","Looksmaxxing combines looks (in the sense of “physical appearance”) and maxxing (Internet and gaming slang based on max, short for maximize). The additional x may be influenced by such words as doxxing, a variant of dox. The term originated in the mid-2010s in the online community known as incels, celibate men generally associated with misogynist beliefs and extremist ideologies. By the early 2020s, it had spread across social media, especially TikTok. As the trend gained prominence in late 2023 and early 2024, looksmaxxing prompted discussion about its health and safety, as well concerns about toxic masculinity.

Looksmaxxing has a well-developed set of practices—and subculture, including its own specialized lingo. Various recommendations for skincare, grooming, exercise, dieting, and fashion are referred to as softmaxxing. More extreme activities are known as hardmaxxing, and can involve disordered eating and surgical body modifications. One activity closely associated with looksmaxxing is called mewing, a pseudoscientific tongue exercise purported to improve jaw structure. Indeed, a chiseled jaw—as well as a symmetrical face, pouty lips, hollowed cheeks, and an inwardly sloping eye slant called “hunter eyes”—are among stereotypical male beauty standards that looksmaxxers, as they are called, feel will help them attract women, boost their confidence, and attain greater success and status.","Looksmaxxing is widely used by its practitioners referring to specific techniques they consider to be self-improvement; looksmaxxers may post pictures of themselves at the gym, for instance, using the hashtag #looksmaxxing. Among critics, the word is often discussed in terms of its negative impacts on young men, including body dysmorphia and misogyny. Since it spread from incel forums to mainstream social media, looksmaxxing has become increasingly used in ironic ways online to make fun of the trend, as in “I’m looksmaxxing today by changing out of my pajamas.” In some instances, men may use looksmaxxing to caption a picture of themselves where they like how they look."
main character energy,Y,Dramatic self-confidence; obtrusive self-importance,Main character energy is an informal Internet expression for self-assured bearing or behavior. The phrase is used both to compliment self-confidence as well as criticize its excesses.,"A main character refers to a protagonist of a TV show, movie, book, etc. Main character energy has been used in an extended sense as a slang expression online since at least the late 2010s, referring to someone who becomes or acts like the center of attention. Energy, in informal language, broadly refers to the overall spirit or quality someone or something emanates. Main character energy spread on social media following a TikTok trend starting in May 2020. The trend involved videos featuring people (usually young women) posing as main characters “starring” in the metaphorical movies of their lives. The videos frequently featured a female character type that was quirky, introspective, carefree, and self-possessed, and they presented her comportment as a form of romanticized but authentic self-empowerment.

It is likely influenced by main character syndrome, which originated in the early 2010s as a pejorative expression used in role-playing games for a tendency of certain players to presume a leading part that dominates the action at the expense of others. It may also be influenced by big dick energy, which emerged in 2018 as a slang phrase for swaggering self-confidence.","Main character energy is widely used online to praise an attractive or admirable air of assurance someone—or less often, something—is exhibiting or embodying. Used in this way, it is associated with self-confidence and self-actualization in one’s life. The term is also occasionally used—sometimes interchangeably with the closely related expression main character syndrome—to denounce actions and behaviors of people accused of attention-seeking, egotism, self-importance, etc., as if they treat everyone else as mere “supporting actors” to their concerns. It is sometimes abbreviated as MCE and, as is common for many Internet slang terms, often used in a playful, ironic, or otherwise humorous manner."
manosphere,Y,Misogynistic male Internet groups; online media seen as promoting toxic masculinity,"The manosphere refers to male-centered websites, Internet communities, and other digital media regarded collectively as espousing anti-feminist views, typically involving misogyny and associated with far-right ideologies. Increasingly, the term refers more generally to a broader media environment, especially popular with young men online, criticized as promoting ultraconservative models of masculinity.","Manosphere combines man, the connecting element -o-, and -sphere, referring to a particular area of interest and the people associated with it. It is apparently modeled after the similar formation, blogosphere (blogs and bloggers collectively). While the term is found online by 2009, the broader ideology of the manosphere has decades-older roots in movements advocating for men’s rights, specifically as a backlash to feminism.

In the 2010s, the manosphere was associated with four main subcultures active online: men’s rights activists, who seek to redress forms of perceived male discrimination; Men Going Their Own Way, a group calling for male separatism; pick-up artists, who purvey sexist tips for seducing women; and incels, men who blame their involuntary celibacy on being rejected by women.

Common to these subcultures, and thus to the greater manosphere, is a belief that women (and their social gains through feminism) cause the problems faced by men—and by extension, society more generally. (Men who come into this belief are often described as red-pilled, or recognizing a ‘reality’ previously concealed from them.) The subcultures have expressed this belief in various forms and degrees of misogyny, and have been affiliated with acts of extreme misogynistic violence.

By the 2020s, the activity of the manosphere spread to mainstream social media, gaming platforms, and other digital media, including videos and podcasts by notorious influencers such as Andrew Tate. Much of the content associated with this spread has involved providing advice (and a sense of belonging) for men to help them attract women, boost their confidence, and attain greater success and status—but which content observers have connected to insidious misogyny and other extreme behaviors over time.","Manosphere is used in a formal manner in critical discussions of misogyny, especially in the context of concerns about its rise among young men online. Prominent social organizations, such as the Anti-Defamation League, have specifically defined and used the term in reference to extremism and hate groups. More informally, especially on social media, the term is used for activity, media, or prominent figures seen as promoting toxic masculinity, especially when associated with right-wing ideologies.

Manosphere is often preceded by the definite article, the, as in ‘the rhetoric of the manosphere.’ The term is sometimes used to modify other nouns, as in ‘manosphere influencers’ or ‘manosphere podcasts.’"
mog,Y,To look or perform far better than someone else,"Mog is a humorous Internet slang term meaning “to outclass,” used especially to describe one person as appearing far more attractive than another. It was originally used to praise one man as being taller, more muscular, or more stereotypically handsome in direct comparison to another man. Related forms included mogger, moggee.","Mog is apparently based on AMOG, an abbreviation of Alpha Male of Group, referring to the pseudoscientific archetype of the “dominant male” popular in the so-called manosphere, an Internet subculture associated with misogynist beliefs and extremist ideologies. AMOG emerged by the early 2000s, and mog by 2016, when the latter term is found in male Internet forums describing taller, more muscular men—judged superior—appearing alongside shorter, less built, and thus supposedly inferior counterparts.

In the early 2020s, mogging was associated with looksmaxxing (practices, sometimes extreme, younger men take to enhance their physical appearance). Looksmaxxers, as they are called, have been known to engage in online rituals where they rate their fellow appearances. Such rituals include calling out when one man mogs or is mogged by another man, sometimes based on an aspect of his physique so named as a particular act of mogging, e.g., hairmogging (when one man’s head of hair is considered fuller) or jawmogging (when one man’s jawline is perceived to be more chiseled).

During the early 2020s, as the term spread on social media, it also expanded as a more general, humorous term for various displays of dominance or superiority.","While the judgments associated with mogging have been criticized as harmful, the word is generally used playfully or ironically. And though it can be applied to various skills and traits, mog is most commonly used for comparisons concerning physical appearances. It is especially used online to comment on pictures and videos when one person—or less frequently, thing—is regarded as superior in some way as juxtaposed with another.

Mog can be a transitive verb (“He mogged his friends in Scrabble when he won by 100 points”) or, less often, an intransitive one (“Whenever she shows up to the club, she absolutely mogs”). In its intransitive use, mog can convey a more general sense of “to dominate, excel, stand out.”

It is also frequently used in passive constructions, especially to get mogged, be mogged, or feel mogged. People often use mog in this way in response to pictures and videos of people they self-deprecatingly admire, as in, “I opened up Instagram, saw your new profile pic, and immediately got mogged.”"
no cap,Y,"For real, seriously","No cap is a slang expression meaning “genuinely; truthfully,” used to emphasize the sincerity or seriousness of a statement.","No cap originates in African American English slang, in use by at least the early 2010s in the lyrics of hip-hop artists from Atlanta, Georgia. Their popularity helped spread no cap into the mainstream in the late 2010s and early 2020s.

The cap in no cap is based on African American English use meaning “to boast; exaggerate; lie; insult,” with examples recorded in the mid-1900s (although this sense is likely much older). Capping, in its sense of “insulting,” is associated with a distinct form of wordplay in Black culture, known as the dozens, involving a ritualized exchange of intensifying insults.","No cap is used widely in informal language. It is frequently placed at the end of a statement (“That was the best pizza ever, no cap”) or beginning (“No cap, I’m quitting my job today”). As such, it functions as a kind of adverb known technically as a disjunct. While no cap is meant to convey truthfulness, statements it qualifies are themselves frequently, and purposefully, exaggerated."
Ohio,Y,"weird, awkward, cringeworthy","Ohio is used (mostly on the Internet) to describe something that is weird, awkward, cringeworthy, or otherwise undesirable or bad in some way. It can also be used to mean ""boring"" or ""foolish.""","The Gen alpha slang use of Ohio as an insult originated on the Internet shortly after a series of memes about the US state of Ohio began circulating in the late twenty-teens. The most common type of these memes is the ""only in Ohio"" variety, which describes something weird or awkward and then claims that it happens in Ohio. Eamon Levesque describes the meme in a Substack post: ""The premise is simple: you take a video of something clearly wrong — so dysfunctional that it becomes surreal and unsettling — and describe it as 'normal in Ohio.' You feed a baby in Ohio by throwing it out the window. Monkeys at the Ohio Zoo have AK-47s. Your Ohio Hotel Room has Slender Man’s cousin living in its walls. Hit up an Ohio amusement park and you’ll get full-blown trebucheted."" From there, Ohio emerged as a new descriptive term for extremely weird things.","Ohio is sometimes used by itself to describe things as in ""that's so Ohio,"" but it is often found in combination with other Gen alpha slang terms such as skibidi and rizz:

My Gen alpha daughter just called me “bruh” and told me I had “Ohio rizz” for making her clean her room. Just another day in paradise! 🏝️
—@tinamarieinteriordesign, Threads, 2 Sep. 2024

Ohio is used interjectionally (especially on social media) in a string of other slang terms for humorous effect and seemingly as a series of nonsense words, often referred to as ""brain rot."""
OK boomer,Y,A sarcastic comeback to fogyish condescension,"OK boomer is an acerbic expression used, especially online, in response to something said by an older person. It serves to dismiss an opinion, attitude, or action as out-of-touch, condescending, ignorant, or otherwise cringeworthy.","The OK in OK boomer is ironic, meant to convey dismissive disregard of something out-of-touch said by a boomer. Boomer is a shortening of baby boomer, which means “someone born between 1946 and 1964.”

In the 2010s, younger generations, such as millennials or Gen Z, and older generations, such as baby boomers, clashed (or were seen to) in popular culture. A view attributed to so-called boomers was that younger people were stunted, lazy, and coddled. ‘Millennials could purchase a home,’ as a popular example goes, ‘if they only spent less money on avocado toast.’ Younger generations, in turn, ridiculed boomers for such opinions, blaming them for causing or exacerbating their material circumstances—as well as greater societal challenges—in the first place.

Around the mid-2010s, OK boomer emerged online as a kind of younger person's answer to the older person’s lament of “Kids these days…” The phrase went viral in October 2019 after it was prominently used in comments on a TikTok video where a middle-aged man criticized the purported softness of younger people. That November, it gained further attention when a younger New Zealand politician used it to dismiss an incredulous interruption by an older colleague during a speech she was delivering about climate change.","While early uses of OK boomer did take the form of a younger person clapping back at an older person for expressing dated opinions, the phrase has evolved as a more general way, regardless of age or generation, to dismiss someone perceived to be uniformed or cringey in some way.

The popularity of the phrase prompted some discussion of whether or not it can be construed as ageist. While it can certainly be cutting, OK boomer generally amounts only to mild mockery. That said, as with any pejorative expression, usage—and impact—may vary by speaker and context."
pick-me,Y,Someone disingenuously seeking attention or approval; relating to such a person or behavior,"Pick-me (or pick me) is a slang term for a person, usually a young woman, seen as behaving in a contemptible way for attention and approval, usually from male peers. It is most often used in the expression pick-me girl, which disparages a young woman who is seen as faking interest in stereotypically male activities or conforming to traditional values at the expense of other women. It also used in pick-me boy, referring to a young man who feigns emotional vulnerability to win the attention of women. More generally, pick-me can refer to anyone thought to be trying too hard to earn acceptance.","Pick-me is based on the phrase ""pick me,"" apparently meant as a caricature of a person imploring someone to choose them over others. While its exact origins are unclear, the phrase is popularly traced to a scene in a 2005 episode of the TV medical drama Grey’s Anatomy where the titular Meredith Grey asks—or, to many, begs—Derek Shepherd to pick her over his estranged wife. The term first spread online in 2016 on Twitter as part of a trend, started among Black women, calling on users to parody supposed behaviors of a pick-me using the hashtag #TweetLikeAPickMe. Many of these posts characterized pick-me girls as comically submissive to men.

The specific phrase pick-me girl went viral on social media in the early 2020s, starting on TikTok in skits mocking pick-me girls as desperately seeking attention from men and demeaning women to do it. The videos portrayed pick-me girls apt to say they were “not like other girls,” pretending to enjoy stereotypically male activities, such as sports and video games, while distancing themselves from female stereotypes, such as a concern for their appearance or love of shopping. By 2021, the phrase pick-me boy spread, caricaturing young men seen as manipulating young women into liking them by pretending to be emotionally sensitive and self-deprecating. In addition to concerns about bullying, the popularity of pick-me prompted popular discussion on topics of both toxic femininity and masculinity, including whether the insult exposed or perpetuated harmful behaviors.","Pick-me is used as a noun, as in “She is acting like such a pick-me when she claims she doesn’t like salads.” It is also used as an adjective, as in the phrases pick-me girl or boy, pick-me colleague, or pick-me energy. It is most commonly used as an insult, varying in intensity, primarily against young women.

However, it is increasingly being used more generally, and usually negatively, in reference to anyone seen as working too hard or underhandedly to gain acceptance or approval, especially of people in greater positions of power, status, or esteem, such as an employer or dominant social group."
preppy,Y,"A cheery, sporty style popular among girls involving lots of pink; a girl who follows this style","A new sense of an older term, preppy refers to a casual but upscale fashion trend, especially popular among preteen girls in the early 2020s, marked by bright colors and playful patterns. Some hallmarks include pastel pinks and blues, designs involving smiley faces and lightning bolts, athleisure, pleated miniskirts, baggy or cropped tops, hair bows, skincare products, and trendy accessories, with a premium placed on name brands.","The new sense of preppy is an outgrowth of its earlier—and continued—use for a fashion style, associated with the youth of wealthy prep schools, often involving such articles as polo shirts, argyle sweaters, navy blazers, headbands, and plaid skirts. This older sense of preppy dates back to the beginning of the 20th century.

The newer preppy is found as early as 2021 on TikTok, where the trend—and term—spread among preteen girls in 2022. In 2023, it prominently appeared in the phrase it’s so preppy in here, exclaimed by a young girl in a TikTok video that captured her excitement upon first visiting a boutique called Dear Hannah Prep, which sells clothing and accessories very much in the preppy style (and which may have subsequently influenced it). The video became subject to memes mocking the trend and girls associated with it.","Preppy is most widely used as an adjective, describing—and often marketing—branded clothing, decor, skincare products (and other accessories, such as trendy beverage containers and notebooks), that constitute the overall aesthetic. It is also used as a noun, referring to a girl who follows or admires preppy fashion.

Preppy can be used positively (especially among girls who embrace the fashion) as well as negatively (particularly among girls who ridicule their peers’ perceived fixation with it). In the former, it’s so preppy in here remains a popular way to compliment a display of preppiness. In the latter, preppy mocks qualities of the preppy girl, such as being too girly, attention-seeking, ‘basic,’ and—as with the older preppy—ostentatiously rich, as preppy brands are generally considered expensive."
reheat nachos,Y,"to produce a lesser version of or poor tribute to an earlier song, album, etc.","Reheating nachos is internet-speak for producing creative work—such as a song, album, acting performance, lewk, etc.—that is similar to, but (usually) not as good as, one that came before. In other words, to reheat nachos is to build on someone else’s work (or one’s own) without adding anything new or fresh.","Some commenters have suggested that reheat nachos originated on Twitter when someone suggested that the singer Shakira was reheating Beyoncé’s nachos (specifically, the album Renaissance) with her new music, but the general consensus is that the whole idea of such metaphorical nachos came from a viral clip of the reality show Baddies West in which Natalie Nunn and Stunna Girl are talking and Stunna Girl is eating nachos. The account sharing the clip captioned it “you can tell natalie lowkey wanted stunna girls nachos.” The verbal phrase caught fire in early 2025 in corners of social media devoted to pop culture fandom.","Reheat nachos seems straightforward as an idiom used to mildly criticize someone for unoriginality. However, it is quite new, and people are asking questions.

is reheating nachos inherently bad? someone get me a young person
—@stachional, Blue Sky, 23 Feb. 2025

To answer stachional’s question: at least at the moment, almost always. Just as literally reheating literal nachos tends to produce less-than-desirable results (that often make their way into the metaphor) …"
rizz,Y,romantic appeal or charm,"Rizz means ""romantic appeal or charm,"" or in other words one’s proficiency in attracting romantic attention or interest. The word is also used as a verb (often as rizz up) with the meaning “to charm or seduce.”","Rizz is thought perhaps to be short for charisma although YouTuber Kai Cenat, widely credited with coining the word in 2021, says that’s not what it’s from. No other lexical inspiration has been identified though. The verb form appeared after the noun.","Rizz is used with abandon, relish, gusto. The word has consistently been one of our most popular lookups since we added it to our online dictionary in 2023. But rizz hasn’t slowed down since then, spawning new forms and uses that are not yet officially defined in our pages. Notable among these is the noun rizzler, referring to someone with special or a considerable amount of rizz:

What a rizzler I almost fell in love
—X (formerly Twitter), 1 Nov. 2024

The noun rizz is also sometimes used like an adjective before another noun, as in “rizz face,” referring to an exaggerated “attractive” expression made usually for laughs on social media whose first use is sometimes credited to a third-grader from New Jersey known as “The Rizzler.” In whatever contexts it is used and in whatever form, rizz is usually playful and casual."
situationship,Y,When you’re more than friends but less than official,"A situationship is a romantic or sexual relationship whose members have not formally defined it or officially committed to it. Instead of terms like partner, the word situationship is also used to refer to the person you are in the situationship with.","Situationship is a blend of situation and relationship. The situation part of the word situationship implies a complicated, problematic, or otherwise trying state of affairs.

The word emerged by at least the late 2000s and spread in the mid-2010s. Different people likely coined situationship independently. By the early 2020s, it had become widespread, used especially in the context of challenges with contemporary dating and courtship.

What constitutes a situationship varies, but it almost always involves varying degrees of intimacy between people who see themselves as more than friends but who have not, for whatever reason, made their involvement exclusive or given their relationship status a label.","The success of the word situationship may be because it is more effective than related alternatives at giving a name to a distinct and increasingly common experience in modern romance. Friends with benefits is similar, but emphasizes sexual intimacy and implies the people involved are mutually uninterested in taking anything to the next level. Friend zone is also similar, but refers to when one person in a friendship has strong, unrequited feelings for the other. Situationship captures the overall ambiguity of a relationship where the parties are more than friends, sort of (but not exactly) dating, and certainly are not a committed couple.

Situationship is sometimes used metaphorically and playfully in non-romantic contexts when a relationship is uncertain. For example: “While the season has already started, the superstar athlete and the owners of the team are in a situationship as they negotiate a new contract.” Increasingly, people are also using it to refer to the person they are in a situationship with, as in “We didn’t call it a date, but my situationship took me out to brunch to celebrate my birthday.”"
tradwife,Y,A dutiful housewife active on social media,A tradwife is a married woman who embraces traditional gender roles and values; the word is particularly used for a young woman who chooses to be a homemaker and shares her lifestyle online. It is closely associated with a 2020s social media trend widely viewed as ultraconversative.,"Tradwife combines trad, shortened from traditional, and wife. What the term invokes by traditional is complex, but it generally characterizes a wife who—much like the stereotypical image of a 1950s housewife or, less commonly, 19th-century homesteader—devotes herself to taking care of the home, cooking, raising children, and dutifully serving her working husband (and looking beautiful while doing all of it). One defining aspect of the term and trend is that the woman chooses the lifestyle for herself. This is seen as a rejection of, broadly speaking, modern womanhood, in order to return to a romanticized domesticity and femininity of the past.

How the word has spread is also complex. While its exact origins are unknown, tradwife emerged online in the 2010s. It went viral in the early 2020s as the result of social media influencers, who have called themselves (or been called) tradwives. They posted massively popular—and controversial—content capturing their activities, especially videos in their kitchens where they are attractively made up in aprons and old-fashioned dresses, narrating how they are happily embodying the tradwife life for their husband and household. This marks another defining aspect of the term and trend: it is a social media phenomenon, in which some women have non-traditional livelihoods as successful influencers. The popularity of this content has sparked wide-ranging discussion on feminism, contemporary work and life, economic privilege, race, religion, and politics (particularly in the context of concerns about the trend’s perceived or actual connections to far-right communities online).","The plural form of tradwife is tradwives. Tradwife is frequently found modifying another noun (a noun that modifies another noun is called attributive), used not only in reference to a person but to describe activities and beliefs that are associated (“tradwife values”). The state or practice of being a tradwife is sometimes referred to as tradlife; a more humorous, often disparaging term for this is tradwifery.

Just as the meaning and spread of tradwife are complex, so is the use of the term. While some women use the word to describe themselves, some of the most prominent influencers associated with it do not necessarily identify with the term. In this way, tradwife is now frequently used as a shorthand for a conservative woman or lifestyle. More broadly, it is sometimes used both earnestly and ironically used to refer to activities in any way stereotypically associated with women’s historical domestic roles, such as making a meal for a boyfriend or husband, regardless of her situation.

Some characteristic tradwife activities (such as home baking) and fashions (such as modest, flowery dresses) are similar to another popular Internet aesthetic trend called cottagecore, which embraces aspects of traditional pastoral lives but without insisting on conservative gender and social roles. Certain dress styles, such as milkmaid or shirtwaist dresses, are commonly described as tradwife."
unc,Y,"A shortening of the word “uncle,” often used humorously to indicate old age","Unc is a slang term that is a shortening of the word “uncle.” It is often used humorously on the internet in the phrase “unc status” to imply that someone is old, getting old, or acting older than their age. Someone referred to as unc may also exhibit behaviors that are considered outdated or out of touch.","Unc is commonly used in African American communities and African American English to refer to one’s uncle or an older male. Rap and hip-hop music have played a major role in unc becoming more mainstream over the years. An early example of unc in a rap song comes from Defari’s 2003 “For the Love,” in which he raps, “… yo that’s my unc.” Well-known rappers, such as Gucci Mane and J. Cole are often credited for popularizing the use of unc through their songs “On the Way” and “Brackets” in the 2010’s.

The current slang sense of unc seems to have gained traction on the internet around June 2021 when TikTok user @callmechosen85 posted a video of a younger person greeting him with, “Wassup unc.” He captioned the video, “When you realize you’ve OFFICIALLY reached ‘unc status’ …” accompanied by looks of disappointment and contemplation. The video captured the feeling of the moment someone realizes they’re no longer considered young.","Unc is frequently used as a humorous insult especially in the phrase “unc status.” Someone who has reached unc status is thought of as “old,” engages in age-inappropriate activity, or generally gives off “uncle vibes.” Things that may earn one unc status are standing or sitting accompanied by grunts, using outdated technology, or constantly referencing their generation.

In African American English, unc can also be used as a term of endearment or respect for a male family member or an older community member. It is also sometimes used to humorously mock these people. For instance, prominent Black men in the entertainment industry such as Denzel Washington and Snoop Dogg are often referred to as unc on the internet as a sign of respect or a lighthearted reference to their age."
